Date,Description,Original Description,Amount,Transaction Type,Category,Account Name,Labels,Notes
1/24/19,Abc Westca,ABC*WESTCA,49,debit,Gym,Cash rewards credit card ,,
1/24/19,Uber.com,UBR* PENDING.UBER.COM,6.65,debit,Rental Car & Taxi,Cash rewards credit card ,,
1/24/19,Aramark,ARAMARK CISCO THE QUARTER,6.16,debit,Food & Dining,Cash rewards credit card ,,
1/24/19,Amazon,AMZN Pickup,16.45,debit,Shopping,Cash rewards credit card ,,
5/29/16,The Market,THE MARKET (SAFEWAY),24.52,debit,Groceries,ABCXYZDEF credit card,,
5/29/16,Voice,GOOGLE *Voice,10,debit,Uncategorized,ABCXYZDEF credit card,,
1/23/19,Discover Bank,DISCOVER BANK DES:ETRANSFER ID:XXXXX79815 INDN:ABCXYZ DOE CO…,6000,debit,Credit Card Payment,ABCXYZ,,
1/22/19,Safeway,THE MARKET (SAFEWAY) SAN JOSE CAAPPLE PAY ENDING I,10.41,debit,Groceries,Discover it Card,,
1/22/19,Costco,COSTCO WHSE #0148 SAN JOSE CA,224.76,debit,Shopping,Cash rewards credit card ,,
1/22/19,Amazon,AMZN Mktp US*MB9CP8BM1 Amzn.com/billWA,16.33,debit,Shopping,Cash rewards credit card ,,
1/22/19,Aum,AUM DES:PAYMENT ID:XXXXX90617 INDN:ABCXYZ DOE CO ID:XXXXX88580 PPD,104.63,debit,Utilities,ABCXYZ,,
1/21/19,Amazon,AMZN Mktp US*MB8QP8A72 Amzn.com/billWA,18.54,debit,Shopping,Cash rewards credit card ,,
1/21/19,Intergalactic Imports,INTERGALACTIC IMPORTS MONTEREY CA,52.41,debit,Restaurants,Cash rewards credit card ,,
1/21/19,Amazon,AMZN Mktp US*MB8P48MJ1 Amzn.com/billWA,31.04,debit,Shopping,Cash rewards credit card ,,
1/21/19,Chevron,CHEVRON 0090049 GILROY CA,37.23,debit,Gas & Fuel,Cash rewards credit card ,,
1/21/19,Scoop Tech Weekly,SCOOP TECH INC WEEKLY 14159429122 CA,2,debit,Auto & Transport,Cash rewards credit card ,,
1/21/19,Men Oh Ramen,MEN OH RAMEN SANTA CLARA CA,11.42,debit,Restaurants,Cash rewards credit card ,,
1/20/19,Starbucks,STARBUCKS 800-782-7282 WA78370173CQTF0VLI,25,debit,Coffee Shops,Discover it Card,,
1/19/19,Safeway,THE MARKET (SAFEWAY) SAN JOSE CAAPPLE PAY ENDING I,34.15,debit,Groceries,Discover it Card,,
1/19/19,Uber.com,UBER HELP.UBER.COMCA,7.8,debit,Rental Car & Taxi,Cash rewards credit card ,,
1/19/19,Big Fish Little,BIG FISH LITTLE FISH POL SANTA CLARA CA,2.13,debit,Restaurants,Cash rewards credit card ,,
1/19/19,Super Duper,SUPER DUPER BURGER SAN JOSE CA,11,debit,Groceries,Cash rewards credit card ,,
1/19/19,Bright Horizons At Bayer,BRIGHT HORIZONS/BACK UP C877-2422737 MA,80,debit,Babysitter & Daycare,Cash rewards credit card ,,
1/19/19,Rituals Palo Alto,RITUALS PALO ALTO PALO ALTO CAAPPLE PAY ENDING IN,60.36,debit,Restaurants,Discover it Card,,
1/18/19,Anjappar Chettinad,SQ *ANJAPPAR CHETTINAD Santa Clara CA,94.29,debit,Restaurants,Bank of America Cash Rewards Visa Platinum Plus ,,
1/18/19,Amazon,Amazon.com Amzn.com/billWA,16.63,credit,Shopping,Cash rewards credit card ,,
1/18/19,Uber.com,UBER HELP.UBER.COMCA,6.43,debit,Rental Car & Taxi,Cash rewards credit card ,,
1/18/19,Zelle Transfer Conf,"Zelle Transfer Conf# 946247ea4; Jane Doe",2000,credit,Transfer,ABCXYZ,,
1/18/19,Mango Anime Santa,SQ *MANGO ANIME SANTA CLARA CAAPPLE PAY ENDING IN,16.39,debit,Fast Food,Discover it Card,,
1/18/19,Safeway,THE MARKET (SAFEWAY) SAN JOSE CAAPPLE PAY ENDING I,8.98,debit,Groceries,Discover it Card,,
1/17/19,Green Barn,THE GREEN BARN SARATOGA CA,41,debit,Restaurants,Bank of America Cash Rewards Visa Platinum Plus ,,
1/17/19,Kp San Jose,KP SAN JOSE SKYPORT SAN JOSE CA,20,debit,Doctor,Bank of America Cash Rewards Visa Platinum Plus ,,
1/17/19,Audible.com,Audible US 888-283-5051 NJ,3.95,debit,Books,Cash rewards credit card ,,
1/17/19,Audible.com,Audible US 888-283-5051 NJ,14.95,debit,Books,Cash rewards credit card ,,
1/17/19,Wish.com,WISH.COM 8002660172 CA,22,debit,Shopping,Cash rewards credit card ,,
1/16/19,Discover,DISCOVER DES:E-PAYMENT ID:0393 INDN:DOE ABCXYZ CO ID:XXXXX20270 WEB,594.01,debit,Credit Card Payment,ABCXYZ,,
1/15/19,Transfer from ABCXYZ,Online payment from CHK 1,462.29,credit,Credit Card Payment,Cash rewards credit card ,,
1/15/19,Anjappar Chettinad In,SQ *ANJAPPAR CHETTINAD INMilpitas CA,53.13,debit,Restaurants,Cash rewards credit card ,,
1/15/19,Coleman,MOD PIZZA COLEMAN LAND 29SAN JOSE CA,15.09,debit,Clothing,Cash rewards credit card ,,
1/15/19,Online Banking Transfer,"Online Banking Transfer Conf# 9ff6cf91d; Billy, S",750,credit,Transfer,ABCXYZ,,
1/15/19,Geico,GEICO DES:PREM COLL ID:4ADX3TVB1K2OE E INDN:ABCXYZ DOE CO ID:XXXXX75853...,96.67,debit,Auto Insurance,ABCXYZ,,
1/15/19,Best Buy,BEST BUY DES:AUTO PYMT ID:XXXXX0393730687 INDN:ABCXYZ...,75,debit,Electronics & Software,ABCXYZ,,
1/15/19,Transfer to Cash rewards credit card ,Online Banking payment to CRD 0028 Confirmation# 2757678990,462.29,debit,Credit Card Payment,ABCXYZ,,
1/15/19,Cashback Bonus Redemption,CASHBACK BONUS REDEMPTION PYMT/STMT CRDT,8.68,credit,Bonus,Discover it Card,,
1/15/19,Internet Thank You,INTERNET PAYMENT - THANK YOU,594.01,credit,Credit Card Payment,Discover it Card,,
1/14/19,Marshalls,MARSHALLS #302 SAN JOSE CA,58.92,debit,Clothing,Cash rewards credit card ,,
1/14/19,Bright Horizons At Bayer,BRIGHT HORIZONS/BACK UP C877-2422737 MA,80,debit,Babysitter & Daycare,Cash rewards credit card ,,
1/14/19,Sakoon,SAKOON MOUNTAIN VIEWCA,35,debit,Restaurants,Cash rewards credit card ,,
1/14/19,Kaiser Permanente,NCAL KAISER ONLINE PAY PASADENA CA,20,debit,Doctor,Cash rewards credit card ,,
1/14/19,Target,TARGET 00020883 SAN JOSE CA,58.55,debit,Shopping,Cash rewards credit card ,,
1/14/19,On The Border,ON THE BORDER #519 MILPITAS CA,43,debit,Restaurants,Cash rewards credit card ,,
1/14/19,Zelle Transfer Conf,"Zelle Transfer Conf# 1ac58c129; Jane Doe",2000,credit,Transfer,ABCXYZ,,
1/14/19,Safeway,THE MARKET (SAFEWAY) SAN JOSE CAAPPLE PAY ENDING I,3.99,debit,Groceries,Discover it Card,,
1/14/19,Namaste Plaza,NAMASTE PLAZA MILPITAS CA,73.77,debit,Groceries,Discover it Card,,
1/12/19,Bright Horizons At Bayer,BRIGHT HORIZONS/BACK UP C877-2422737 MA,40,debit,Babysitter & Daycare,Cash rewards credit card ,,
1/12/19,Safeway,THE MARKET (SAFEWAY) SAN JOSE CAAPPLE PAY ENDING I,7.88,debit,Groceries,Discover it Card,,
1/11/19,Aramark,ARAMARK CISCO THE QUARTE MILPITAS CAAPPLE PAY ENDI,50,debit,Food & Dining,Discover it Card,,
1/11/19,Pacific Gas & Electric,PGANDE DES:WEB ONLINE ID:XXXXX936011019 INDN:ABCXYZ DOE CO ID:XXXXX42640...,153.94,debit,Utilities,ABCXYZ,,
1/11/19,Vegetarian House,VEGETARIAN HOUSE SAN JOSE CA,70,debit,Restaurants,Cash rewards credit card ,,
1/11/19,Aramark,ARAMARK CISCO THE QUARTERMILPITAS CA,3.43,debit,Food & Dining,Cash rewards credit card ,,
1/11/19,Www Pushmycart Com,WWW PUSHMYCART COM 678-889-7811 GA,39,debit,Gift,Cash rewards credit card ,,
1/10/19,Aramark,ARAMARK CISCO THE QUARTERMILPITAS CA,8.01,debit,Food & Dining,Cash rewards credit card ,,
1/10/19,Chevron,CHEVRON 0206864 MILPITAS CA,58.68,debit,Gas & Fuel,Cash rewards credit card ,,
1/10/19,Amazon,AMZN Pickup*MB8737JI0 Amzn.com/billWA,7.79,debit,Shopping,Cash rewards credit card ,,
1/9/19,Taco Bell,TACO BELL 024783 SANTA CLARA CA,3.26,debit,Fast Food,Cash rewards credit card ,,
1/8/19,Break Time,BREAKTIME CAFE & TEA SAN JOSE CAAPPLE PAY ENDING I,12.1,debit,Business Services,Discover it Card,,
1/8/19,Pizza Hut,PIZZA HUT #032516 SAN JOSE CA,48.04,debit,Fast Food,Cash rewards credit card ,,
1/8/19,Uber.com,UBER HELP.UBER.COMCA,6.63,debit,Rental Car & Taxi,Cash rewards credit card ,,
1/7/19,Discover,DISCOVER DES:E-PAYMENT ID:0393 INDN:DOE ABCXYZ CO ID:XXXXX20270 WEB,14.98,debit,Credit Card Payment,ABCXYZ,,
1/7/19,Discover Bank,DISCOVER BANK DES:ETRANSFER ID:XXXXX23659 INDN:ABCXYZ DOE CO...,1937.46,debit,Credit Card Payment,ABCXYZ,,
1/7/19,Uber.com,UBER HELP.UBER.COMCA,6.85,debit,Rental Car & Taxi,Cash rewards credit card ,,
1/7/19,Amazon,AMZN Mktp US*MB5EZ8F81 Amzn.com/billWA,32.35,debit,Shopping,Cash rewards credit card ,,
1/7/19,Amazon,Amazon.com*M21QY4UV2 Amzn.com/billWA,24.08,debit,Shopping,Cash rewards credit card ,,
1/7/19,Aramark,ARAMARK CISCO THE QUARTERMILPITAS CA,8.01,debit,Food & Dining,Cash rewards credit card ,,
1/7/19,Target,TARGET 00020883 SAN JOSE CA,75.25,debit,Shopping,Cash rewards credit card ,,
1/7/19,Safeway,THE MARKET (SAFEWAY) SAN JOSE CAAPPLE PAY ENDING I,13.2,debit,Groceries,Discover it Card,,
1/5/19,Kp San Jose,KP SAN JOSE SKYPORT SAN JOSE CA,20,debit,Doctor,Cash rewards credit card ,,
1/5/19,Amazon,Amazon.com*MB3FF2FU1 Amzn.com/billWA,15.4,debit,Shopping,Cash rewards credit card ,,
1/5/19,Amazon,Amazon.com*MB5ZN74W0 Amzn.com/billWA,19.23,debit,Shopping,Cash rewards credit card ,,
1/5/19,Uber.com,UBER HELP.UBER.COMCA,6.89,debit,Rental Car & Taxi,Cash rewards credit card ,,
1/5/19,Safeway,SAFEWAY #2934 SAN JOSE CA,12.2,debit,Groceries,Cash rewards credit card ,,
1/5/19,State Farm,STATE FARM INSURANCE 800-956-6310 IL,13.58,debit,Auto Insurance,Discover it Card,,
1/4/19,Zelle Transfer Conf,"Zelle Transfer Conf# 457c2f383; Jane Doe",1000,credit,Transfer,ABCXYZ,,
1/4/19,Transfer to Cash rewards credit card ,Online Banking payment to CRD 0028 Confirmation# 1459095967,528.91,debit,Credit Card Payment,ABCXYZ,,
1/4/19,Transfer to Bank of America Cash Rewards Visa Platinum Plus ,Online Banking payment to CRD 2057 Confirmation# 0459092844,211.42,debit,Credit Card Payment,ABCXYZ,,
1/4/19,Transfer from ABCXYZ,Online payment from CHK 1,211.42,credit,Credit Card Payment,Bank of America Cash Rewards Visa Platinum Plus ,,
1/4/19,Fusion Restaurant Inc.,M ASIAN FUSION RESTAURAN SAN JOSE CA,35,debit,Restaurants,Cash rewards credit card ,,
1/4/19,Transfer from ABCXYZ,Online payment from CHK 1,528.91,credit,Credit Card Payment,Cash rewards credit card ,,
1/4/19,Uber.com,UBER HELP.UBER.COMCA,6.57,debit,Rental Car & Taxi,Cash rewards credit card ,,
1/4/19,Anjappar Chettinad In,SQ *ANJAPPAR CHETTINAD INMilpitas CA,20.15,debit,Restaurants,Cash rewards credit card ,,
1/4/19,Costco,GOOGLE *COSTCO G.CO/HELPPAY#CAP0LJUP7M,47.94,debit,Home Supplies,Discover it Card,,
1/4/19,Internet Thank You,INTERNET PAYMENT - THANK YOU,14.98,credit,Credit Card Payment,Discover it Card,,
1/4/19,Break Time,BREAKTIME CAFE & TEA SAN JOSE CAAPPLE PAY ENDING I,11.9,debit,Business Services,Discover it Card,,
1/3/19,Starbucks,STARBUCKS 800-782-7282 WA73335426RQF1KO2O,25,debit,Coffee Shops,Discover it Card,,
1/3/19,Amazon web services,AMAZON WEB SERVICES AWS.AMAZON.COWA67J83X19PID,6.99,debit,Electronics & Software,Discover it Card,,
1/3/19,Break Time,BREAKTIME CAFE & TEA SAN JOSE CAAPPLE PAY ENDING I,4.99,debit,Coffee Shops,Discover it Card,,
1/3/19,Amazon,AMZN Pickup*M29EP5W21 Amzn.com/billWA,13.09,debit,Shopping,Cash rewards credit card ,,
1/3/19,Uber.com,UBER HELP.UBER.COMCA,6.58,debit,Rental Car & Taxi,Cash rewards credit card ,,
1/3/19,Automatic Transfer Sav,Automatic Transfer to SAV 4336 Confirmation# 1322906068,31,debit,Transfer,ABCXYZ,,
1/3/19,Transfer to home savings,Automatic Transfer to SAV 1996 Confirmation# 1322906067,27,debit,Transfer,ABCXYZ,,
1/3/19,Transfer from ABCXYZ,Automatic Transfer from CHK 1323 Confirmation# 1322906067,27,credit,Transfer,home savings,,
1/2/19,Cinnabon,CINNABON SANTA CLARA CA,9.17,debit,Fast Food,Cash rewards credit card ,,
1/2/19,Ca Sees Candy,0536/2CA036 SEES CANDY SANTA CLARA CA,20.5,debit,Food & Dining,Cash rewards credit card ,,
1/2/19,Mac,MAC #3004 SANTA CLARA CA,19.12,debit,Personal Care,Cash rewards credit card ,,
1/2/19,Discover Bank,DISCOVER BANK DES:ETRANSFER ID:XXXXX67155 INDN:ABCXYZ DOE CO...,3000,debit,Credit Card Payment,ABCXYZ,,
1/2/19,Online Banking Transfer,"Online Banking Transfer Conf# e341b5a30; Jane Doe, S",58,credit,Transfer,ABCXYZ,,
1/1/19,Safeway,THE MARKET (SAFEWAY) SAN JOSE CAAPPLE PAY ENDING I,11.51,debit,Groceries,Discover it Card,,
1/1/19,Break Time,BREAKTIME CAFE & TEA SAN JOSE CAAPPLE PAY ENDING I,6.2,debit,Coffee Shops,Discover it Card,,
12/31/18,Transfer from ABCXYZ,Online payment from CHK 1,275.45,credit,Credit Card Payment,Bank of America Cash Rewards Visa Platinum Plus ,,
12/31/18,Men Oh Ramen,MEN OH RAMEN SANTA CLARA CA,11.42,debit,Restaurants,Bank of America Cash Rewards Visa Platinum Plus ,,
12/31/18,Caffe,CAFFE CENTRAL,7.1,debit,Restaurants,Cash rewards credit card ,,
12/31/18,Amazon,AMZN Mktp US*M22V33RW1 Amzn.com/billWA,24.99,debit,Shopping,Cash rewards credit card ,,
12/31/18,Amazon,AMZN Pickup*M272L0RI0 Amzn.com/billWA,5.4,debit,Shopping,Cash rewards credit card ,,
12/31/18,Loving Hut Vega,SQ *LOVING HUT VEGA SANTA CLARA CA,4.36,debit,Restaurants,Cash rewards credit card ,,
12/31/18,Loving Hut Vega,SQ *LOVING HUT VEGA SANTA CLARA CA,13.51,debit,Restaurants,Cash rewards credit card ,,
12/31/18,Amazon,AMZN Pickup*M22QA4I51 Amzn.com/billWA,16.38,debit,Shopping,Cash rewards credit card ,,
12/31/18,American Express,AMERICAN EXPRESS DES:ACH PMT ID:M4328 INDN:ABCXYZ DOE CO ID:XXXXX33497 WEB,215.94,debit,Credit Card Payment,ABCXYZ,,
12/31/18,Online Banking Confirmation,Online Banking payment to CRD 0028 Confirmation# 1406166004,299.45,debit,Credit Card Payment,ABCXYZ,,
12/31/18,Discover,DISCOVER DES:E-PAYMENT ID:0393 INDN:DOE ABCXYZ CO ID:XXXXX20270 WEB,264.75,debit,Credit Card Payment,ABCXYZ,,
12/31/18,Transfer to Bank of America Cash Rewards Visa Platinum Plus ,Online Banking payment to CRD 2057 Confirmation# 4014343978,275.45,debit,Credit Card Payment,ABCXYZ,,
12/31/18,Youji,YOUJI SAN JOSE CA,6,debit,Fast Food,Discover it Card,,
12/31/18,7-Eleven,7-ELEVEN 95113 SAN JOSE CAAPPLE PAY ENDING IN 7182,2.5,debit,Fast Food,Discover it Card,,
12/30/18,Safeway,THE MARKET (SAFEWAY) SAN JOSE CAAPPLE PAY ENDING I,5.39,debit,Groceries,Discover it Card,,
12/30/18,The Body Shop,THE BODY SHOP #1056 SANTA CLARA CAAPPLE PAY ENDING,13.24,debit,Hair,Discover it Card,,
12/30/18,Biryaniz,BIRYANIZ MILPITAS CA,34.86,debit,Restaurants,Discover it Card,,
12/29/18,Macy's,MACYS VALLEY FAIR (CA) SANTA CLARA CAAPPLE PAY END,59.9,debit,Clothing,Discover it Card,,
12/29/18,Internet Thank You,INTERNET PAYMENT - THANK YOU,264.75,credit,Credit Card Payment,Discover it Card,,
12/29/18,Namaste Plaza,NAMASTE PLAZA MILPITAS CA,23.96,debit,Groceries,Discover it Card,,
12/29/18,Namaste Plaza,NAMASTE PLAZA MILPITAS CA,4.99,debit,Groceries,Discover it Card,,
12/29/18,Transfer from ABCXYZ,Online payment from CHK 1,1554.01,credit,Credit Card Payment,Bank of America Cash Rewards Visa Platinum Plus ,,
12/29/18,Amazon,AMZN Pickup*M23PF9931 Amzn.com/billWA,9.82,debit,Shopping,Cash rewards credit card ,,
12/29/18,Amazon,AMZN Mktp US*M285Y6B52 Amzn.com/billWA,64.99,debit,Shopping,Cash rewards credit card ,,
12/29/18,Chk,Online payment from CHK 1,299.45,credit,Credit Card Payment,Cash rewards credit card ,,
12/29/18,Costco,COSTCO WHSE #1004 SAN JOSE CA,159.17,debit,Shopping,Cash rewards credit card ,,
12/29/18,The Face Shop,THE FACE SHOP,16.39,debit,Shopping,Cash rewards credit card ,,
12/29/18,T-Mobile,T & T MOBILE PLUS SAN JOSE CA,3.27,debit,Mobile Phone,Cash rewards credit card ,,
12/29/18,Costco,COSTCO WHSE #1004 SAN JOSE CA,60,debit,Shopping,Cash rewards credit card ,,
12/28/18,Curry Up Now,CURRY UP NOW SAN JOSE CA,4.37,debit,Food & Dining,Discover it Card,,
12/28/18,Olive Garden,OLIVE GARDE00044685140 SAN JOSE CA,60,debit,Restaurants,Discover it Card,,
12/28/18,Curry Up Now,CURRY UP NOW SAN JOSE CA,65.36,debit,Food & Dining,Discover it Card,,
12/28/18,Target,TARGET SAN JOSE CA,27.29,debit,Shopping,Discover it Card,,
12/28/18,Transfer to Bank of America Cash Rewards Visa Platinum Plus ,Online Banking payment to CRD 2057 Confirmation# 4004528098,1554.01,debit,Credit Card Payment,ABCXYZ,,
12/28/18,7-Eleven,7-ELEVEN 95113 SAN JOSE CA,5.45,debit,Fast Food,Bank of America Cash Rewards Visa Platinum Plus ,,
12/28/18,Art of Reflexology,Art Of Reflexology MILPITAS CA,70,debit,Spa & Massage,Bank of America Cash Rewards Visa Platinum Plus ,,
12/28/18,Amazon,Amazon.com*M25LE17O1 Amzn.com/billWA,30.92,debit,Shopping,Cash rewards credit card ,,
12/28/18,Dollar Tree,DOLLAR TREE SAN JOSE CA,26.32,debit,Shopping,Cash rewards credit card ,,
12/28/18,McDonald's,MCDONALD'S M7132 OF CA SAN JOSE CA,17.83,debit,Fast Food,Cash rewards credit card ,,
12/27/18,Eastridge,DAISO BA02 EASTRIDGE SAN JOSE CA,18.57,debit,Gifts & Donations,Discover it Card,,
12/27/18,Aeropostale,AEROPOSTALE #761 SAN JOSE CA,69.06,debit,Clothing,Discover it Card,,
12/27/18,GameStop,GAMESTOP #3079 SAN JOSE CA,10.89,debit,Electronics & Software,Discover it Card,,
12/27/18,Account Maintenance Fee,Monthly Maintenance Fee,5,debit,Bank Fee,home savings,,
12/27/18,On The Border,ON THE BORDER #519 MILPITAS CA,49.99,debit,Restaurants,Bank of America Cash Rewards Visa Platinum Plus ,,
12/27/18,Auntie Anne's,AUNTIE ANNE'S # CA 195 MILPITAS CA,6.49,debit,Restaurants,Bank of America Cash Rewards Visa Platinum Plus ,,
12/27/18,Abercrombie & Fitch,ABERCROMBIE & FITCH #955 MILPILAS CA,33,debit,Clothing,Bank of America Cash Rewards Visa Platinum Plus ,,
12/27/18,Gap,GAP OUTLET US 7781 MILPITAS CA,69.67,debit,Clothing,Bank of America Cash Rewards Visa Platinum Plus ,,
12/27/18,San Francisco Coffee Roasting,SAN FRANCISCO COFFEE R SAN FRANCISCOCA,14.38,debit,Fast Food,Bank of America Cash Rewards Visa Platinum Plus ,,
12/27/18,Laz Parking,LAZ PARKING 680141 SAN FRANCISCOCA,20,debit,Parking,Bank of America Cash Rewards Visa Platinum Plus ,,
12/27/18,Old Navy,OLD NAVY US 5522 MILPITAS CA,62.03,debit,Clothing,Bank of America Cash Rewards Visa Platinum Plus ,,
12/27/18,Amazon,AMZN Mktp US*M27W737S0 Amzn.com/billWA,4.17,debit,Shopping,Cash rewards credit card ,,
12/26/18,Wish.com,ORDER.WISH.COM 800-266-0172 CAAPPLE PAY ENDING IN,11,debit,Shopping,Discover it Card,,
12/26/18,Namaste Plaza,NAMASTE PLAZA MILPITAS CA,22.37,debit,Groceries,Bank of America Cash Rewards Visa Platinum Plus ,,
12/26/18,Biryaniz,BIRYANIZ MILPITAS CA,20.69,debit,Restaurants,Bank of America Cash Rewards Visa Platinum Plus ,,
12/26/18,7-Eleven,7-ELEVEN 95113 SAN JOSE CA,2.09,debit,Fast Food,Bank of America Cash Rewards Visa Platinum Plus ,,
12/26/18,Sankaranti South India,SANKARANTI SOUTH INDIA SUNNYVALE CA,45.75,debit,Restaurants,Bank of America Cash Rewards Visa Platinum Plus ,,
12/26/18,Chevron,CHEVRON 0206864 MILPITAS CA,10.41,debit,Gas & Fuel,Bank of America Cash Rewards Visa Platinum Plus ,,
12/26/18,Banana Leaf,BANANA LEAF INC MILPITAS CA,90,debit,Restaurants,Bank of America Cash Rewards Visa Platinum Plus ,,
12/26/18,Safeway,SAFEWAY #2934 SAN JOSE CA,11.39,debit,Groceries,Bank of America Cash Rewards Visa Platinum Plus ,,
12/26/18,Gap,GAP OUTLET US 7781 MILPITAS CA,54.57,debit,Clothing,Bank of America Cash Rewards Visa Platinum Plus ,,
12/26/18,Chevron,CHEVRON 0206864 MILPITAS CA,53.1,debit,Gas & Fuel,Bank of America Cash Rewards Visa Platinum Plus ,,
12/25/18,San Francisco Usa,SAN FRANCISCO USA SAN FRANCISCOCAAPPLE PAY ENDING,25.21,debit,Gas & Fuel,Discover it Card,,
12/25/18,Starbucks,STARBUCKS 800-782-7282 WA73515293LPM5A7HP,25,debit,Coffee Shops,Discover it Card,,
12/24/18,IKEA,IKEA EAST PALO ALTO PALO ALTO CA,59,debit,Furnishings,Bank of America Cash Rewards Visa Platinum Plus ,,
12/24/18,Taskrabbit Inc.,"BT TASKRABBIT, INC 888-661-8105 CA",159.33,debit,Home Services,Bank of America Cash Rewards Visa Platinum Plus ,,
12/24/18,7-Eleven,7-ELEVEN 95113 SAN JOSE CA,3.58,debit,Fast Food,Bank of America Cash Rewards Visa Platinum Plus ,,
12/24/18,Anjappar Chettinad,SQ *ANJAPPAR CHETTINAD Santa Clara CA,122.62,debit,Restaurants,Bank of America Cash Rewards Visa Platinum Plus ,,
12/24/18,IKEA,IKEA EAST PALO ALTO PALO ALTO CA,442.92,debit,Furnishings,Bank of America Cash Rewards Visa Platinum Plus ,,
12/24/18,Amazon,AMZN Mktp US*M29LY4G72 Amzn.com/billWA,29.98,debit,Shopping,Cash rewards credit card ,,
12/24/18,Abc Westca Ca,ABC*WESTCA 888-8279262 CA,49,debit,Gym,Cash rewards credit card ,,
12/22/18,Lifeconnections Vision,LIFECONNECTIONS VISION SAN JOSE CA,143,debit,Eyecare,Bank of America Cash Rewards Visa Platinum Plus ,,
12/22/18,Biryaniz,BIRYANIZ MILPITAS CA,34.85,debit,Restaurants,Bank of America Cash Rewards Visa Platinum Plus ,,
12/22/18,Uber.com,UBER HELP.UBER.COMCA,16.51,debit,Rental Car & Taxi,Cash rewards credit card ,,
12/21/18,Break Time,BREAKTIME CAFE & TEA SAN JOSE CAAPPLE PAY ENDING I,11.15,debit,Business Services,Discover it Card,,
12/21/18,Namaste Plaza,NAMASTE PLAZA MILPITAS CA,66.51,debit,Groceries,Bank of America Cash Rewards Visa Platinum Plus ,,
12/21/18,The Body Shop,THE BODY SHOP #1880 MILPITAS CA,57.23,debit,Hair,Bank of America Cash Rewards Visa Platinum Plus ,,
12/21/18,Merit Vegan Restaurant,MERIT VEGAN RESTAURANT SUNNYVALE CA,37,debit,Restaurants,Bank of America Cash Rewards Visa Platinum Plus ,,
12/21/18,Uber.com,UBER HELP.UBER.COMCA,6.41,debit,Rental Car & Taxi,Cash rewards credit card ,,
12/21/18,Starbucks,STARBUCKS 800-782-7282 WA73288095TPM51RRD,25,debit,Coffee Shops,Discover it Card,,
12/21/18,Safeway,THE MARKET (SAFEWAY) SAN JOSE CAAPPLE PAY ENDING I,28.66,debit,Groceries,Discover it Card,,
12/20/18,Zelle Transfer Conf,"Zelle Transfer Conf# 0bb7da59b; Jane Doe",2500,credit,Transfer,ABCXYZ,,
12/20/18,Aum,AUM DES:PAYMENT ID:XXXXX90617 INDN:ABCXYZ DOE CO ID:XXXXX88580 PPD,69.28,debit,Utilities,ABCXYZ,,
12/20/18,Starbucks,STARBUCKS STORE 14251 SAN JOSE CA,4.75,debit,Coffee Shops,Bank of America Cash Rewards Visa Platinum Plus ,,
12/20/18,Wal-Mart,WAL-MART #2119 MILPITAS CA,143.12,debit,Shopping,Bank of America Cash Rewards Visa Platinum Plus ,,
12/20/18,Aramark,ARAMARK CISCO THE QUARTERMILPITAS CA,3.43,debit,Food & Dining,Cash rewards credit card ,,
12/20/18,Amazon,Amazon.com*M20O52M90 Amzn.com/billWA,29.42,debit,Shopping,Cash rewards credit card ,,
12/20/18,Amazon,AMZN Mktp US*M25DB75O0 Amzn.com/billWA,9.99,debit,Shopping,Cash rewards credit card ,,
12/20/18,Aramark,ARAMARK CISCO THE QUARTERMILPITAS CA,8.01,debit,Food & Dining,Cash rewards credit card ,,
12/20/18,Life Connection LLC,LIFE CONNECTIONS PHARMA SAN JOSE CAAPPLE PAY ENDIN,34.22,debit,Business Services,Discover it Card,,
12/19/18,Discover,DISCOVER DES:E-PAYMENT ID:0393 INDN:DOE ABCXYZ CO ID:XXXXX20270 WEB,112.88,debit,Credit Card Payment,ABCXYZ,,
12/19/18,Discover Bank,DISCOVER BANK DES:ETRANSFER ID:XXXXX66875 INDN:ABCXYZ DOE CO...,1442.39,debit,Credit Card Payment,ABCXYZ,,
12/19/18,Amazon,AMZN Mktp US*M29NT3AI0 Amzn.com/billWA,5.09,debit,Shopping,Cash rewards credit card ,,
12/19/18,Aramark,ARAMARK CISCO THE QUARTERMILPITAS CA,8.01,debit,Food & Dining,Cash rewards credit card ,,
12/19/18,Amazon,AMZN Pickup*M25167F92 Amzn.com/billWA,13.1,debit,Shopping,Cash rewards credit card ,,
12/19/18,Uber.com,UBER TECHNOLOGIES INC 8005928996 CA,7.31,debit,Rental Car & Taxi,Cash rewards credit card ,,
12/19/18,Uber.com,UBER HELP.UBER.COMCA,6.63,debit,Rental Car & Taxi,Cash rewards credit card ,,
12/19/18,Wish.com,ORDER.WISH.COM 8002660172 CAAPPLE PAY ENDING IN 71,2.9,credit,Shopping,Discover it Card,,
12/18/18,Tasty Subs Pizza,TASTY SUBS & PIZZA SUNNYVALE CA,44.21,debit,Restaurants,Bank of America Cash Rewards Visa Platinum Plus ,,
12/18/18,Biryaniz,BIRYANIZ MILPITAS CA,23.96,debit,Restaurants,Bank of America Cash Rewards Visa Platinum Plus ,,
12/18/18,Uber.com,UBER HELP.UBER.COMCA,7.12,debit,Rental Car & Taxi,Cash rewards credit card ,,
12/18/18,Amazon,AMZN Mktp US*M24ZP4AG0 Amzn.com/billWA,2.55,debit,Shopping,Cash rewards credit card ,,
12/18/18,Amazon,AMZN Pickup*M24RP3CK2 Amzn.com/billWA,28.38,debit,Shopping,Cash rewards credit card ,,
12/18/18,Wish.com,ORDER.WISH.COM 800-266-0172 CAAPPLE PAY ENDING IN,1.9,debit,Shopping,Discover it Card,,
12/18/18,Safeway,THE MARKET (SAFEWAY) SAN JOSE CAAPPLE PAY ENDING I,5.39,debit,Groceries,Discover it Card,,
12/18/18,CVS,CVS/PHARMACY #02294 SAN JOSE CAAPPLE PAY ENDING IN,17.24,debit,Pharmacy,Discover it Card,,
12/17/18,Internet Thank You,INTERNET PAYMENT - THANK YOU,112.88,credit,Credit Card Payment,Discover it Card,,
12/17/18,Cashback Bonus Redemption,CASHBACK BONUS REDEMPTION PYMT/STMT CRDT,3.39,credit,Bonus,Discover it Card,,
12/17/18,Chipotle,DOORDASH*CHIPOTLE 650-681-9470 CA,18.32,debit,Fast Food,Discover it Card,,
12/17/18,CVS,CVS/PHARMACY #09700 SUNNYVALE CAAPPLE PAY ENDING I,19.57,debit,Pharmacy,Discover it Card,,
12/17/18,Transfer to Bank of America Travel Rewards Visa Signature ,Online Banking payment to CRD 7987 Confirmation# 1608833139,375.21,debit,Credit Card Payment,ABCXYZ,,
12/17/18,Geico,GEICO DES:PREM COLL ID:4ADX3TVB1K2OE E INDN:ABCXYZ DOE CO ID:XXXXX75853...,96.67,debit,Auto Insurance,ABCXYZ,,
12/17/18,Best Buy,BEST BUY DES:AUTO PYMT ID:XXXXX4473540572 INDN:ABCXYZ...,75,debit,Electronics & Software,ABCXYZ,,
12/17/18,Online Banking Confirmation,Online Banking payment to CRD 2057 Confirmation# 4008830102,131,debit,Credit Card Payment,ABCXYZ,,
12/17/18,Transfer to Cash rewards credit card ,Online Banking payment to CRD 0028 Confirmation# 4008827554,272.99,debit,Credit Card Payment,ABCXYZ,,
12/17/18,Transfer from ABCXYZ,Online payment from CHK 1,375.21,credit,Credit Card Payment,Bank of America Travel Rewards Visa Signature ,,
12/17/18,Amazon,Amazon.com*M26NL2370 Amzn.com/billWA,16.63,debit,Shopping,Cash rewards credit card ,,
12/17/18,Audible.com,Audible US 888-283-5051 NJ,14.95,debit,Books,Cash rewards credit card ,,
12/17/18,Amazon,AMZN Mktp US*M02NP7Y82 Amzn.com/billWA,32.76,debit,Shopping,Cash rewards credit card ,,
12/17/18,Transfer from ABCXYZ,Online payment from CHK 1,272.99,credit,Credit Card Payment,Cash rewards credit card ,,
12/17/18,Rangoli,RANGOLI SANTA CLARA CA,46,debit,Restaurants,Bank of America Cash Rewards Visa Platinum Plus ,,
12/17/18,Chk,Online payment from CHK 1,131,credit,Credit Card Payment,Bank of America Cash Rewards Visa Platinum Plus ,,
12/16/18,Wish.com,ORDER.WISH.COM 800-266-0172 CAAPPLE PAY ENDING IN,5.7,debit,Shopping,Discover it Card,,
12/16/18,Wish.com,ORDER.WISH.COM 800-266-0172 CAAPPLE PAY ENDING IN,3,debit,Shopping,Discover it Card,,
12/16/18,Papa John's,DOORDASH*PAPA JOHNS PI 650-681-9470 CA,36.29,debit,Fast Food,Discover it Card,,
12/15/18,Target,TARGET 00020883 SAN JOSE CA,267.01,debit,Shopping,Cash rewards credit card ,,
12/15/18,Safeway,SAFEWAY #2934 SAN JOSE CA,5.98,debit,Groceries,Cash rewards credit card ,,
12/14/18,Doordash Paradise Biry,DOORDASH*PARADISE BIRY 650-681-9470 CA,34.65,debit,Restaurants,Discover it Card,,
12/14/18,Beauty You Hkg,BEAUTY & YOU HKG HONG KONG,153.06,debit,Hair,Bank of America Travel Rewards Visa Signature ,,
12/14/18,On The Border,ON THE BORDER #519 MILPITAS CA,131,debit,Restaurants,Bank of America Cash Rewards Visa Platinum Plus ,,
12/13/18,Disney,HK DISNEYLAND 00729HONG KONG,17.66,debit,Travel,Bank of America Travel Rewards Visa Signature ,,
12/13/18,O Learys Hong,O'LEARYS -2 01600HONG KONG,34.61,debit,Restaurants,Bank of America Travel Rewards Visa Signature ,,
12/13/18,Booster Fuels Ca,BOOSTER FUELS 888-552-4615 CA,53.06,debit,Gas & Fuel,Discover it Card,,
12/11/18,Transfer to Bank of America Travel Rewards Visa Signature ,Online Banking payment to CRD 7987 Confirmation# 1651383860,196.88,debit,Credit Card Payment,ABCXYZ,,
12/11/18,Xoom,Xoom.com DES:DEBIT O ID:XXXXX0074440913 INDN:DOE ABCXYZ CO ID:XXXXX01054...,2000,debit,Transfer,ABCXYZ,,
12/11/18,Pacific Gas & Electric,PGANDE DES:WEB ONLINE ID:XXXXX294121018 INDN:ABCXYZ DOE CO ID:XXXXX42640...,81.74,debit,Utilities,ABCXYZ,,
12/11/18,Transfer from ABCXYZ,Online payment from CHK 1,196.88,credit,Credit Card Payment,Bank of America Travel Rewards Visa Signature ,,
12/11/18,Lawrence,LAWRENCE AND MAYO OPTI VIJAYAWADA,120.72,debit,Business Services,Bank of America Travel Rewards Visa Signature ,,
12/10/18,Zelle Transfer Conf,"Zelle Transfer Conf# b61312133; Jane Doe",2500,credit,Transfer,ABCXYZ,,
12/10/18,Life Style Internation,LIFE STYLE INTERNATION VIJAYAWADA,49.16,debit,Charity,Bank of America Travel Rewards Visa Signature ,,
12/7/18,Barbeque Nation Vijayw,BARBEQUE NATION (82305 VIJAYWADA,23.14,debit,Restaurants,Bank of America Travel Rewards Visa Signature ,,
12/5/18,State Farm,STATE FARM INSURANCE 800-956-6310 IL,13.58,debit,Auto Insurance,Discover it Card,,
12/3/18,Amazon web services,AMAZON WEB SERVICES AWS.AMAZON.COWA1COHD2DNGX5,6.99,debit,Electronics & Software,Discover it Card,,
12/3/18,Transfer to 365 Donation Saving,Automatic Transfer to SAV 4336 Confirmation# 1314937794,31,debit,Transfer,ABCXYZ,,
12/3/18,American Express,AMERICAN EXPRESS DES:ACH PMT ID:M7148 INDN:ABCXYZ DOE CO ID:XXXXX33497 WEB,87.69,debit,Credit Card Payment,ABCXYZ,,
12/3/18,Transfer to home savings,Automatic Transfer to SAV 1996 Confirmation# 1314937793,27,debit,Transfer,ABCXYZ,,
12/3/18,Discover,DISCOVER DES:E-PAYMENT ID:0393 INDN:DOE ABCXYZ CO ID:XXXXX20270 WEB,158.05,debit,Credit Card Payment,ABCXYZ,,
12/3/18,Transfer from ABCXYZ,Automatic Transfer from CHK 1323 Confirmation# 1314937793,27,credit,Transfer,home savings,,
12/3/18,Ls Intl Pvt,LS INTL PVT LTD_VIJAYWA VIJAYAWADA,73.84,debit,Vacation,Bank of America Travel Rewards Visa Signature ,,
12/3/18,Ls Intl Pvt,LS INTL PVT LTD_VIJAYWA VIJAYAWADA,66.11,debit,Vacation,Bank of America Travel Rewards Visa Signature ,,
12/1/18,Chethan Vijayawada,CHETHAN ENTERPRISES VIJAYAWADA,33.79,debit,Gas & Fuel,Bank of America Travel Rewards Visa Signature ,,